[
  {
    "line": 1,
    "elements": [
      {
        "line": 6,
        "name": "testing page name",
        "description": "",
        "id": "first-task;testing-page-name",
        "type": "scenario",
        "keyword": "Scenario",
        "steps": [
          {
            "result": {
              "duration": 159258900,
              "error_message": "java.lang.ExceptionInInitializerError\r\n\tat cucumber.deps.com.thoughtworks.xstream.XStream.setupConverters(XStream.java:820)\r\n\tat cucumber.deps.com.thoughtworks.xstream.XStream.\u003cinit\u003e(XStream.java:574)\r\n\tat cucumber.deps.com.thoughtworks.xstream.XStream.\u003cinit\u003e(XStream.java:530)\r\n\tat cucumber.runtime.xstream.LocalizedXStreams$LocalizedXStream.\u003cinit\u003e(LocalizedXStreams.java:50)\r\n\tat cucumber.runtime.xstream.LocalizedXStreams.newXStream(LocalizedXStreams.java:37)\r\n\tat cucumber.runtime.xstream.LocalizedXStreams.get(LocalizedXStreams.java:29)\r\n\tat cucumber.runtime.StepDefinitionMatch.runStep(StepDefinitionMatch.java:37)\r\n\tat cucumber.runtime.Runtime.runStep(Runtime.java:299)\r\n\tat cucumber.runtime.model.StepContainer.runStep(StepContainer.java:44)\r\n\tat cucumber.runtime.model.StepContainer.runSteps(StepContainer.java:39)\r\n\tat cucumber.runtime.model.CucumberScenario.run(CucumberScenario.java:44)\r\n\tat cucumber.runtime.junit.ExecutionUnitRunner.run(ExecutionUnitRunner.java:91)\r\n\tat cucumber.runtime.junit.FeatureRunner.runChild(FeatureRunner.java:63)\r\n\tat cucumber.runtime.junit.FeatureRunner.runChild(FeatureRunner.java:18)\r\n\tat org.junit.runners.ParentRunner$3.run(ParentRunner.java:238)\r\n\tat org.junit.runners.ParentRunner$1.schedule(ParentRunner.java:63)\r\n\tat org.junit.runners.ParentRunner.runChildren(ParentRunner.java:236)\r\n\tat org.junit.runners.ParentRunner.access$000(ParentRunner.java:53)\r\n\tat org.junit.runners.ParentRunner$2.evaluate(ParentRunner.java:229)\r\n\tat org.junit.runners.ParentRunner.run(ParentRunner.java:309)\r\n\tat cucumber.runtime.junit.FeatureRunner.run(FeatureRunner.java:70)\r\n\tat cucumber.api.junit.Cucumber.runChild(Cucumber.java:93)\r\n\tat cucumber.api.junit.Cucumber.runChild(Cucumber.java:37)\r\n\tat org.junit.runners.ParentRunner$3.run(ParentRunner.java:238)\r\n\tat org.junit.runners.ParentRunner$1.schedule(ParentRunner.java:63)\r\n\tat org.junit.runners.ParentRunner.runChildren(ParentRunner.java:236)\r\n\tat org.junit.runners.ParentRunner.access$000(ParentRunner.java:53)\r\n\tat org.junit.runners.ParentRunner$2.evaluate(ParentRunner.java:229)\r\n\tat org.junit.runners.ParentRunner.run(ParentRunner.java:309)\r\n\tat cucumber.api.junit.Cucumber.run(Cucumber.java:98)\r\n\tat org.junit.runner.JUnitCore.run(JUnitCore.java:160)\r\n\tat com.intellij.junit4.JUnit4IdeaTestRunner.startRunnerWithArgs(JUnit4IdeaTestRunner.java:69)\r\n\tat com.intellij.rt.junit.IdeaTestRunner$Repeater.startRunnerWithArgs(IdeaTestRunner.java:33)\r\n\tat com.intellij.rt.junit.JUnitStarter.prepareStreamsAndStart(JUnitStarter.java:221)\r\n\tat com.intellij.rt.junit.JUnitStarter.main(JUnitStarter.java:54)\r\n\tat ✽.Given User is on the web-shop home page(task1.feature:7)\r\nCaused by: java.lang.reflect.InaccessibleObjectException: Unable to make field private final java.util.Comparator java.util.TreeMap.comparator accessible: module java.base does not \"opens java.util\" to unnamed module @123772c4\r\n\tat java.base/java.lang.reflect.AccessibleObject.checkCanSetAccessible(AccessibleObject.java:357)\r\n\tat java.base/java.lang.reflect.AccessibleObject.checkCanSetAccessible(AccessibleObject.java:297)\r\n\tat java.base/java.lang.reflect.Field.checkCanSetAccessible(Field.java:177)\r\n\tat java.base/java.lang.reflect.Field.setAccessible(Field.java:171)\r\n\tat cucumber.deps.com.thoughtworks.xstream.core.util.Fields.locate(Fields.java:39)\r\n\tat cucumber.deps.com.thoughtworks.xstream.converters.collections.TreeMapConverter.\u003cclinit\u003e(TreeMapConverter.java:50)\r\n\tat cucumber.deps.com.thoughtworks.xstream.XStream.setupConverters(XStream.java:820)\r\n\tat cucumber.deps.com.thoughtworks.xstream.XStream.\u003cinit\u003e(XStream.java:574)\r\n\tat cucumber.deps.com.thoughtworks.xstream.XStream.\u003cinit\u003e(XStream.java:530)\r\n\tat cucumber.runtime.xstream.LocalizedXStreams$LocalizedXStream.\u003cinit\u003e(LocalizedXStreams.java:50)\r\n\tat cucumber.runtime.xstream.LocalizedXStreams.newXStream(LocalizedXStreams.java:37)\r\n\tat cucumber.runtime.xstream.LocalizedXStreams.get(LocalizedXStreams.java:29)\r\n\tat cucumber.runtime.StepDefinitionMatch.runStep(StepDefinitionMatch.java:37)\r\n\tat cucumber.runtime.Runtime.runStep(Runtime.java:299)\r\n\tat cucumber.runtime.model.StepContainer.runStep(StepContainer.java:44)\r\n\tat cucumber.runtime.model.StepContainer.runSteps(StepContainer.java:39)\r\n\tat cucumber.runtime.model.CucumberScenario.run(CucumberScenario.java:44)\r\n\tat cucumber.runtime.junit.ExecutionUnitRunner.run(ExecutionUnitRunner.java:91)\r\n\tat cucumber.runtime.junit.FeatureRunner.runChild(FeatureRunner.java:63)\r\n\tat cucumber.runtime.junit.FeatureRunner.runChild(FeatureRunner.java:18)\r\n\tat org.junit.runners.ParentRunner$3.run(ParentRunner.java:238)\r\n\tat org.junit.runners.ParentRunner$1.schedule(ParentRunner.java:63)\r\n\tat org.junit.runners.ParentRunner.runChildren(ParentRunner.java:236)\r\n\tat org.junit.runners.ParentRunner.access$000(ParentRunner.java:53)\r\n\tat org.junit.runners.ParentRunner$2.evaluate(ParentRunner.java:229)\r\n\tat org.junit.runners.ParentRunner.run(ParentRunner.java:309)\r\n\tat cucumber.runtime.junit.FeatureRunner.run(FeatureRunner.java:70)\r\n\tat cucumber.api.junit.Cucumber.runChild(Cucumber.java:93)\r\n\tat cucumber.api.junit.Cucumber.runChild(Cucumber.java:37)\r\n\tat org.junit.runners.ParentRunner$3.run(ParentRunner.java:238)\r\n\tat org.junit.runners.ParentRunner$1.schedule(ParentRunner.java:63)\r\n\tat org.junit.runners.ParentRunner.runChildren(ParentRunner.java:236)\r\n\tat org.junit.runners.ParentRunner.access$000(ParentRunner.java:53)\r\n\tat org.junit.runners.ParentRunner$2.evaluate(ParentRunner.java:229)\r\n\tat org.junit.runners.ParentRunner.run(ParentRunner.java:309)\r\n\tat cucumber.api.junit.Cucumber.run(Cucumber.java:98)\r\n\tat org.junit.runner.JUnitCore.run(JUnitCore.java:160)\r\n\tat com.intellij.junit4.JUnit4IdeaTestRunner.startRunnerWithArgs(JUnit4IdeaTestRunner.java:69)\r\n\tat com.intellij.rt.junit.IdeaTestRunner$Repeater.startRunnerWithArgs(IdeaTestRunner.java:33)\r\n\tat com.intellij.rt.junit.JUnitStarter.prepareStreamsAndStart(JUnitStarter.java:221)\r\n\tat com.intellij.rt.junit.JUnitStarter.main(JUnitStarter.java:54)\r\n",
              "status": "failed"
            },
            "line": 7,
            "name": "User is on the web-shop home page",
            "match": {
              "location": "SampleSteps.user_is_on_the_web_shop_home_page()"
            },
            "keyword": "Given "
          }
        ],
        "tags": [
          {
            "line": 5,
            "name": "@Sample2"
          }
        ]
      }
    ],
    "name": "first task",
    "description": "As a test engineer\r\nUser wants to be able to check homepage name",
    "id": "first-task",
    "keyword": "Feature",
    "uri": "task1.feature"
  }
]